iid,s_attr,s_sinc,s_intel,s_fun,s_amb,o_attr,o_sinc,o_intel,o_fun,o_amb
1.0,6.0,8.0,8.0,8.0,7.0,6.7,7.4,8.0,7.2,8.0
2.0,7.0,5.0,8.0,10.0,3.0,7.7,7.1,7.9,7.5,7.5
3.0,8.0,9.0,9.0,8.0,8.0,6.5,7.1,7.3,6.2,7.111111111111111
4.0,7.0,8.0,7.0,9.0,8.0,7.0,7.1,7.7,7.5,7.7
5.0,6.0,3.0,10.0,6.0,8.0,5.3,7.7,7.6,7.2,7.8
6.0,5.0,7.0,9.0,8.0,5.0,6.8,7.8,8.6,7.0,8.0
7.0,6.0,6.0,7.0,5.0,7.0,7.9,7.6,8.2,7.0,7.5
8.0,7.0,4.0,8.0,8.0,8.0,8.2,7.8,8.1,7.9,7.444444444444445
9.0,7.0,6.0,7.0,10.0,7.0,7.0,7.4,7.5,7.8,6.9
10.0,6.0,8.0,6.0,10.0,9.0,6.333333333333333,7.0,6.4,6.4,6.2
11.0,8.0,9.0,8.0,7.0,5.0,5.6,8.8,8.2,5.4,6.4
12.0,9.0,9.0,10.0,9.0,9.0,7.1,6.6,7.1,6.7,6.9
13.0,4.0,7.0,8.0,8.0,3.0,4.8,7.9,8.8,7.0,5.9
14.0,9.0,9.0,9.0,9.0,9.0,8.2,7.6,7.4,7.6,6.6
15.0,7.0,7.0,9.0,7.0,9.0,5.7,7.6,7.7,7.2,6.5
16.0,6.0,6.0,8.0,8.0,6.0,5.6,8.4,7.6,4.4,6.0
17.0,7.0,7.0,8.0,6.0,4.0,6.7,7.6,8.5,6.1,6.7
18.0,6.0,8.0,8.0,6.0,9.0,5.1,7.4,7.7,5.2,7.5
19.0,10.0,6.0,10.0,10.0,10.0,7.7,6.8,7.7,8.5,7.1
20.0,7.0,7.0,10.0,10.0,10.0,7.5,7.3,7.9,8.2,8.4
21.0,5.0,9.0,9.0,7.0,10.0,5.0625,7.3125,7.75,5.666666666666667,6.666666666666667
22.0,7.0,8.0,8.0,7.0,7.0,4.8,6.625,6.5,5.5,6.071428571428571
23.0,5.0,8.0,7.0,6.0,8.0,5.9375,7.266666666666667,6.9375,6.25,6.4
24.0,7.0,9.0,8.0,9.0,8.0,6.5,6.933333333333334,7.333333333333333,6.625,6.714285714285714
25.0,7.0,9.0,8.0,7.0,6.0,7.6875,7.266666666666667,6.933333333333334,7.333333333333333,6.0
26.0,7.0,8.0,8.0,8.0,8.0,7.625,7.133333333333334,7.266666666666667,7.466666666666667,6.5
27.0,6.0,6.0,7.0,7.0,7.0,8.1875,7.4,6.866666666666666,7.5625,6.571428571428571
28.0,,,,,,6.625,7.4375,7.25,6.375,6.625
29.0,6.0,9.0,7.0,8.0,8.0,5.75,7.2,6.533333333333333,6.133333333333334,6.533333333333333
30.0,7.0,8.0,8.0,9.0,8.0,6.0625,6.866666666666666,7.333333333333333,6.266666666666667,7.285714285714286
31.0,8.0,8.0,8.0,9.0,9.0,7.875,7.25,7.4375,6.5,7.6
32.0,7.0,5.0,9.0,9.0,7.0,6.933333333333334,7.8,8.2,7.2,7.466666666666667
33.0,6.0,8.0,8.0,6.0,8.0,6.0,7.8125,8.0625,6.8125,7.266666666666667
34.0,7.0,7.0,7.0,7.0,8.0,7.1875,7.3125,7.333333333333333,6.866666666666666,7.25
35.0,8.0,9.0,9.0,9.0,7.0,7.3125,6.533333333333333,7.866666666666666,5.571428571428571,7.2
36.0,8.0,7.0,8.0,8.0,6.0,6.25,7.0,7.133333333333334,6.066666666666666,7.133333333333334
37.0,7.0,8.0,9.0,7.0,5.0,4.933333333333334,6.866666666666666,7.4,5.666666666666667,6.4
38.0,8.0,2.0,8.0,7.0,8.0,6.533333333333333,7.533333333333333,7.733333333333333,7.6,7.714285714285714
39.0,6.0,9.0,8.0,6.0,7.0,4.333333333333333,7.333333333333333,6.866666666666666,7.266666666666667,6.2
40.0,3.0,10.0,9.0,8.0,5.0,4.105263157894737,6.631578947368421,6.473684210526316,5.947368421052632,6.0
41.0,5.0,7.0,8.0,5.0,5.0,3.6842105263157894,6.473684210526316,6.666666666666667,4.0,6.631578947368421
42.0,6.0,9.0,8.0,6.0,4.0,4.947368421052632,6.052631578947368,6.888888888888889,5.7368421052631575,6.777777777777778
43.0,3.0,8.0,7.0,3.0,2.0,4.2631578947368425,6.368421052631579,6.947368421052632,4.631578947368421,6.333333333333333
44.0,7.0,9.0,9.0,8.0,9.0,4.894736842105263,6.631578947368421,6.7894736842105265,4.611111111111111,5.894736842105263
45.0,7.0,8.0,8.0,6.0,7.0,5.2105263157894735,6.2105263157894735,6.894736842105263,3.7777777777777777,6.526315789473684
46.0,7.0,8.0,7.0,5.0,7.0,7.631578947368421,6.7894736842105265,7.315789473684211,6.777777777777778,6.294117647058823
47.0,8.0,7.0,9.0,9.0,3.0,4.052631578947368,5.842105263157895,6.473684210526316,5.631578947368421,5.947368421052632
48.0,7.0,9.0,7.0,6.0,6.0,6.7368421052631575,6.2631578947368425,5.894736842105263,6.7894736842105265,5.631578947368421
49.0,7.0,10.0,10.0,10.0,8.0,6.315789473684211,7.055555555555555,7.5,6.973684210526316,7.055555555555555
50.0,8.0,9.0,10.0,9.0,8.0,6.315789473684211,6.578947368421052,7.388888888888889,7.631578947368421,7.666666666666667
51.0,6.0,8.0,10.0,2.0,2.0,5.368421052631579,4.868421052631579,6.473684210526316,4.2105263157894735,6.078947368421052
52.0,5.0,8.0,8.0,6.0,7.0,3.8333333333333335,6.647058823529412,7.176470588235294,5.111111111111111,6.444444444444445
53.0,8.0,9.0,8.0,8.0,8.0,6.888888888888889,7.0,7.705882352941177,5.611111111111111,7.277777777777778
54.0,8.0,9.0,8.0,8.0,8.0,4.421052631578948,6.315789473684211,6.75,4.842105263157895,6.473684210526316
55.0,6.0,10.0,9.0,10.0,10.0,6.2105263157894735,7.052631578947368,7.0,7.111111111111111,6.777777777777778
56.0,10.0,10.0,8.0,9.0,5.0,7.5,6.8,6.5,6.9,7.0
57.0,6.0,10.0,9.0,10.0,10.0,5.3,7.7,6.9,5.9,5.7
58.0,,,,,,5.888888888888889,7.0,6.333333333333333,6.375,6.333333333333333
59.0,,,,,,5.4,7.25,6.5,3.75,4.0
60.0,7.0,9.0,9.0,9.0,9.0,4.8,7.0,6.4,6.5,6.0
61.0,7.0,10.0,10.0,7.0,7.0,3.9,7.1,7.555555555555555,5.3,5.7
62.0,9.0,9.0,9.0,9.0,9.0,8.3,7.1,7.6,7.0,6.5
63.0,6.0,8.0,8.0,9.0,7.0,4.4,6.5,7.0,6.2,5.888888888888889
64.0,8.0,8.0,9.0,6.0,9.0,5.3,6.2,7.4,5.6,6.5
65.0,7.0,9.0,8.0,9.0,9.0,6.5,7.3,7.0,7.8,6.2
66.0,6.0,7.0,8.0,7.0,8.0,5.444444444444445,7.555555555555555,7.222222222222222,6.222222222222222,6.625
67.0,5.0,7.0,7.0,6.0,7.0,6.555555555555555,8.0,8.0,6.333333333333333,7.0
68.0,6.0,8.0,8.0,7.0,8.0,5.5,5.8,7.8,4.9,6.0
69.0,5.0,9.0,8.0,5.0,8.0,7.3,7.6,7.9,7.1,7.111111111111111
70.0,8.0,6.0,9.0,8.0,6.0,6.0,7.444444444444445,8.555555555555555,8.0,8.444444444444445
71.0,6.0,8.0,10.0,8.0,10.0,5.0,8.222222222222221,7.777777777777778,5.222222222222222,7.333333333333333
72.0,7.0,9.0,8.0,8.0,8.0,6.4,7.4,6.5,5.0,5.6
73.0,7.0,7.0,7.0,8.0,8.0,6.111111111111111,7.666666666666667,7.888888888888889,7.555555555555555,8.25
74.0,7.0,9.0,8.0,9.0,7.0,5.3,7.3,7.6,6.0,7.2
75.0,7.0,7.0,8.0,8.0,8.0,5.222222222222222,7.666666666666667,8.11111111111111,5.444444444444445,7.25
76.0,6.0,6.0,8.0,6.0,4.0,6.222222222222222,6.944444444444445,7.833333333333333,7.647058823529412,6.533333333333333
77.0,6.0,8.0,8.0,8.0,8.0,6.833333333333333,7.235294117647059,7.277777777777778,6.529411764705882,6.333333333333333
78.0,3.0,10.0,8.0,3.0,8.0,6.472222222222222,6.882352941176471,6.694444444444445,5.411764705882353,5.25
79.0,7.0,9.0,7.0,8.0,7.0,5.888888888888889,7.833333333333333,7.777777777777778,6.882352941176471,6.25
80.0,8.0,8.0,8.0,8.0,8.0,6.388888888888889,7.944444444444445,7.555555555555555,5.78125,6.733333333333333
81.0,8.0,7.0,7.0,8.0,7.0,7.888888888888889,7.277777777777778,7.611111111111111,7.0,8.0
82.0,8.0,9.0,8.0,8.0,7.0,6.611111111111111,7.777777777777778,7.222222222222222,6.9411764705882355,5.9375
83.0,5.0,9.0,5.0,9.0,5.0,7.333333333333333,8.055555555555555,7.777777777777778,7.352941176470588,7.0625
84.0,7.0,9.0,8.0,7.0,5.0,6.777777777777778,7.666666666666667,7.805555555555555,6.911764705882353,6.875
85.0,7.0,9.0,8.0,9.0,9.0,6.388888888888889,7.722222222222222,7.333333333333333,6.352941176470588,6.2
86.0,7.0,9.0,9.0,9.0,4.0,7.333333333333333,7.888888888888889,8.0,7.666666666666667,7.266666666666667
87.0,9.0,9.0,9.0,9.0,9.0,7.5,7.166666666666667,7.111111111111111,6.9411764705882355,6.466666666666667
88.0,9.0,9.0,9.0,9.0,9.0,7.0,7.611111111111111,7.277777777777778,6.888888888888889,6.533333333333333
89.0,8.0,9.0,9.0,8.0,10.0,6.944444444444445,7.388888888888889,7.611111111111111,6.0,7.352941176470588
90.0,5.0,8.0,7.0,5.0,5.0,5.888888888888889,8.0,7.722222222222222,4.823529411764706,6.0625
91.0,6.0,7.0,9.0,7.0,8.0,8.38888888888889,8.0,8.222222222222221,7.764705882352941,8.1875
92.0,9.0,10.0,9.0,9.0,9.0,7.888888888888889,7.764705882352941,7.388888888888889,6.176470588235294,6.666666666666667
93.0,8.0,8.0,8.0,8.0,7.0,7.138888888888889,7.972222222222222,8.0,7.5,6.9
94.0,6.0,9.0,9.0,9.0,7.0,3.6666666666666665,5.352941176470588,6.888888888888889,5.722222222222222,7.529411764705882
95.0,7.0,9.0,10.0,8.0,7.0,4.666666666666667,6.888888888888889,7.0,5.388888888888889,6.722222222222222
96.0,7.0,9.0,9.0,9.0,9.0,4.388888888888889,7.166666666666667,7.388888888888889,5.111111111111111,7.0
97.0,7.0,5.0,6.0,7.0,6.0,7.166666666666667,7.055555555555555,8.11111111111111,7.0588235294117645,7.357142857142857
98.0,8.0,8.0,8.0,8.0,8.0,5.611111111111111,7.666666666666667,6.944444444444445,4.111111111111111,6.0588235294117645
99.0,10.0,10.0,10.0,10.0,8.0,7.833333333333333,7.666666666666667,7.888888888888889,7.5,7.647058823529412
100.0,7.0,8.0,9.0,8.0,6.0,4.555555555555555,7.944444444444445,8.0,5.823529411764706,7.6
101.0,8.0,8.0,9.0,8.0,9.0,4.0,7.611111111111111,7.666666666666667,4.588235294117647,7.0
102.0,8.0,5.0,10.0,7.0,9.0,4.111111111111111,7.176470588235294,7.277777777777778,4.764705882352941,6.25
103.0,8.0,8.0,9.0,8.0,9.0,6.222222222222222,7.176470588235294,6.944444444444445,6.4375,7.176470588235294
104.0,9.0,8.0,9.0,7.0,9.0,6.9411764705882355,6.888888888888889,7.444444444444445,6.888888888888889,7.0
105.0,8.0,7.0,8.0,9.0,6.0,6.277777777777778,7.888888888888889,8.166666666666666,8.055555555555555,7.647058823529412
106.0,4.0,7.0,9.0,3.0,2.0,5.111111111111111,7.666666666666667,7.722222222222222,6.647058823529412,6.9411764705882355
107.0,7.0,9.0,9.0,9.0,6.0,6.888888888888889,8.055555555555555,8.0,8.11111111111111,7.4375
108.0,4.0,8.0,7.0,3.0,2.0,7.166666666666667,7.0,7.5,6.777777777777778,6.944444444444445
109.0,6.0,9.0,9.0,8.0,8.0,5.833333333333333,7.555555555555555,7.944444444444445,7.222222222222222,7.277777777777778
110.0,7.0,9.0,8.0,8.0,7.0,5.5,6.411764705882353,7.055555555555555,6.833333333333333,7.235294117647059
111.0,5.0,8.0,8.0,5.0,5.0,4.777777777777778,7.222222222222222,7.5,6.5,7.117647058823529
112.0,9.0,10.0,9.0,9.0,9.0,7.9,7.3,7.5,7.0,6.2
113.0,8.0,10.0,8.0,10.0,9.0,6.4,6.7,7.0,6.6,6.0
114.0,7.0,9.0,6.0,8.0,7.0,5.0,6.8,7.1,5.5,6.111111111111111
115.0,8.0,7.0,9.0,8.0,8.0,7.222222222222222,6.333333333333333,6.555555555555555,7.222222222222222,6.444444444444445
116.0,8.0,9.0,9.0,8.0,9.0,6.7,6.777777777777778,6.5,6.3,6.3
117.0,8.0,7.0,8.0,8.0,8.0,7.777777777777778,7.222222222222222,7.444444444444445,7.444444444444445,7.444444444444445
119.0,8.0,10.0,10.0,10.0,10.0,7.9,7.6,7.0,6.8,6.7
120.0,6.0,8.0,8.0,8.0,9.0,7.8,6.6,7.5,7.3,6.9
121.0,2.0,9.0,7.0,9.0,9.0,4.8,6.5,7.2,4.8,5.4
122.0,7.0,10.0,8.0,8.0,8.0,7.777777777777778,8.777777777777779,8.222222222222221,8.444444444444445,7.333333333333333
123.0,8.0,7.0,7.0,7.0,8.0,6.375,8.666666666666666,7.222222222222222,5.777777777777778,6.888888888888889
124.0,8.0,8.0,10.0,10.0,10.0,3.7777777777777777,5.666666666666667,6.888888888888889,2.625,8.444444444444445
125.0,9.0,6.0,9.0,10.0,10.0,8.0,8.333333333333334,8.555555555555555,8.444444444444445,8.222222222222221
126.0,9.0,10.0,9.0,9.0,9.0,6.111111111111111,8.0,8.555555555555555,6.777777777777778,7.888888888888889
127.0,8.0,8.0,9.0,9.0,8.0,7.333333333333333,5.888888888888889,6.111111111111111,6.111111111111111,6.111111111111111
128.0,8.0,7.0,8.0,7.0,7.0,7.555555555555555,8.444444444444445,8.125,6.875,6.625
129.0,8.0,8.0,8.0,8.0,8.0,6.222222222222222,7.888888888888889,6.222222222222222,6.625,6.444444444444445
130.0,5.0,6.0,6.0,6.0,6.0,7.333333333333333,8.777777777777779,7.666666666666667,6.555555555555555,6.777777777777778
131.0,4.0,6.0,6.0,4.0,6.0,4.428571428571429,7.857142857142857,6.714285714285714,4.0,6.333333333333333
132.0,8.0,10.0,9.0,10.0,10.0,7.8,7.25,7.0,7.2,7.2
133.0,6.0,8.0,8.0,7.0,7.0,5.2,9.0,9.0,7.2,7.4
134.0,7.0,8.0,8.0,8.0,8.0,6.5,8.4,8.3,6.2,6.8
135.0,9.0,10.0,9.0,7.0,6.0,6.3,7.75,7.5,5.8,6.4
136.0,,,,,,5.8,7.2,8.25,7.2,8.0
137.0,7.0,9.0,9.0,8.0,8.0,7.6,7.6,7.25,8.5,7.5
138.0,8.0,8.0,8.0,8.0,8.0,8.0,8.0,8.6,8.25,8.25
139.0,8.0,8.0,9.0,9.0,6.0,5.6,7.0,7.5,5.8,7.0
140.0,7.0,7.0,8.0,9.0,8.0,8.0,8.2,8.2,8.4,8.75
141.0,7.0,9.0,8.0,8.0,6.0,5.8,6.75,6.75,7.2,6.8
142.0,9.0,9.0,10.0,9.0,7.0,7.3125,7.1875,7.6875,6.6875,6.538461538461538
143.0,7.0,10.0,8.0,7.0,7.0,4.666666666666667,7.6875,7.4375,5.0,6.928571428571429
144.0,7.0,8.0,9.0,8.0,9.0,6.866666666666666,7.6,8.2,7.4,6.571428571428571
145.0,5.0,5.0,9.0,7.0,7.0,5.4375,7.375,7.875,6.0625,6.571428571428571
146.0,8.0,8.0,8.0,8.0,8.0,5.5,7.125,7.6,5.375,6.2
147.0,8.0,7.0,9.0,8.0,7.0,6.75,7.125,7.133333333333334,8.0,6.533333333333333
148.0,8.0,9.0,9.0,9.0,8.0,7.0625,7.0,7.3125,6.5,7.0
149.0,8.0,8.0,8.0,8.0,8.0,7.3125,7.0625,7.4375,6.5,6.857142857142857
150.0,7.0,9.0,9.0,8.0,8.0,7.25,8.0625,8.375,7.1875,7.2
151.0,9.0,10.0,10.0,10.0,8.0,8.6875,8.125,7.466666666666667,7.75,6.857142857142857
152.0,7.0,9.0,10.0,8.0,8.0,7.125,7.9375,7.866666666666666,5.6,6.6923076923076925
153.0,7.0,7.0,7.0,6.0,6.0,6.3125,7.8125,7.1875,5.5,6.461538461538462
154.0,8.0,9.0,9.0,9.0,9.0,7.75,7.75,7.5,7.2,7.571428571428571
155.0,7.0,10.0,8.0,6.0,9.0,7.1875,7.5,7.0625,6.733333333333333,6.428571428571429
156.0,8.0,10.0,9.0,10.0,10.0,7.0,7.875,8.0,7.125,7.933333333333334
157.0,7.0,8.0,8.0,9.0,9.0,7.625,7.3125,7.375,7.4375,7.6923076923076925
158.0,7.0,9.0,9.0,7.0,6.0,4.5625,6.25,7.5,4.2,6.785714285714286
159.0,5.0,9.0,9.0,8.0,7.0,4.125,7.1875,8.0,5.875,7.166666666666667
160.0,8.0,8.0,8.0,9.0,9.0,7.375,7.375,7.4375,8.0,7.875
161.0,8.0,7.0,9.0,9.0,7.0,7.75,7.4375,8.0,7.8,7.285714285714286
162.0,7.0,8.0,9.0,7.0,8.0,5.75,6.75,7.875,5.866666666666666,7.2
163.0,7.0,8.0,9.0,8.0,7.0,6.875,7.6875,7.6875,7.25,7.0
164.0,7.0,9.0,9.0,6.0,4.0,6.6875,7.8125,8.125,7.0,6.857142857142857
165.0,8.0,6.0,9.0,7.0,2.0,7.375,7.0625,6.8125,5.6,5.785714285714286
166.0,7.0,7.0,7.0,7.0,7.0,6.875,6.5625,7.0625,6.3125,7.384615384615385
167.0,6.0,7.0,7.0,7.0,5.0,5.9375,6.8125,7.4375,6.75,6.5
168.0,5.0,5.0,5.0,5.0,5.0,4.875,7.375,7.6875,6.4,6.571428571428571
169.0,7.0,9.0,8.0,7.0,7.0,8.0625,8.0625,8.375,7.6875,7.571428571428571
170.0,7.0,8.0,9.0,6.0,8.0,4.4375,7.3125,8.125,5.0,7.642857142857143
171.0,10.0,10.0,10.0,10.0,10.0,5.8125,7.75,8.1875,6.0,7.5
172.0,5.0,6.0,8.0,9.0,9.0,6.9375,7.9375,8.0625,7.625,8.066666666666666
173.0,7.0,9.0,9.0,9.0,9.0,6.125,7.4375,8.125,7.4375,7.285714285714286
174.0,9.0,10.0,8.0,8.0,6.0,4.9,7.6,7.222222222222222,5.875,5.333333333333333
175.0,7.0,10.0,8.0,8.0,9.0,5.8,7.555555555555555,7.6,6.0,6.555555555555555
176.0,6.0,9.0,8.0,7.0,6.0,7.111111111111111,7.875,7.777777777777778,5.333333333333333,7.555555555555555
177.0,9.0,9.0,9.0,8.0,9.0,4.9,7.125,7.0,7.0,7.333333333333333
178.0,9.0,9.0,8.0,7.0,7.0,4.555555555555555,7.666666666666667,7.444444444444445,6.0,6.857142857142857
179.0,8.0,10.0,8.0,6.0,10.0,8.0,7.8,8.3,8.2,7.777777777777778
180.0,9.0,9.0,9.0,10.0,9.0,7.555555555555555,7.777777777777778,7.333333333333333,7.222222222222222,7.0
181.0,9.0,9.0,9.0,9.0,9.0,7.333333333333333,8.444444444444445,7.5,7.0,7.25
182.0,8.0,8.0,8.0,8.0,10.0,5.222222222222222,7.555555555555555,7.333333333333333,6.666666666666667,7.5
183.0,9.0,7.0,9.0,9.0,7.0,6.1,6.777777777777778,6.888888888888889,6.2,6.0
184.0,6.0,10.0,9.0,7.0,5.0,6.2,7.5,7.3,6.5,7.111111111111111
185.0,10.0,10.0,8.0,7.0,8.0,5.0,5.8,6.2,5.4,6.333333333333333
186.0,4.0,8.0,7.0,4.0,6.0,5.3,7.3,7.6,6.0,6.555555555555555
187.0,8.0,9.0,10.0,7.0,7.0,4.7,6.0,6.2,5.6,5.75
188.0,7.0,5.0,10.0,7.0,10.0,4.4,6.3,6.5,6.1,6.444444444444445
189.0,8.0,8.0,8.0,8.0,9.0,5.4,7.2,7.0,5.8,6.444444444444445
190.0,7.0,7.0,7.0,7.0,7.0,6.7,6.5,6.9,7.9,6.7
191.0,7.0,7.0,7.0,6.0,8.0,6.5,7.2,7.2,7.2,7.5
192.0,7.0,10.0,9.0,9.0,10.0,6.5,6.5,7.2,7.5,7.111111111111111
193.0,7.0,9.0,10.0,5.0,7.0,6.1,7.2,7.5,7.111111111111111,7.333333333333333
194.0,9.0,10.0,10.0,8.0,10.0,4.55,5.85,5.947368421052632,4.95,5.4
195.0,9.0,8.0,10.0,10.0,8.0,6.65,7.0,7.5,7.2,5.9
196.0,9.0,9.0,9.0,9.0,9.0,6.35,6.95,6.65,4.75,5.25
197.0,7.0,8.0,9.0,9.0,7.0,6.85,6.95,7.3,6.45,6.5
198.0,7.0,9.0,9.0,7.0,7.0,4.6,6.6,6.35,4.5,5.6
199.0,9.0,7.0,9.0,7.0,9.0,7.3,5.85,6.8,6.05,6.15
200.0,8.0,10.0,8.0,8.0,8.0,7.55,7.05,7.1,6.8,7.05
201.0,7.0,8.0,9.0,9.0,8.0,6.6,7.3,7.35,6.45,6.45
202.0,7.0,10.0,10.0,9.0,8.0,5.75,6.95,7.65,6.05,6.5
203.0,9.0,8.0,10.0,9.0,7.0,6.95,7.4,8.0,6.4,6.3
204.0,9.0,5.0,10.0,9.0,10.0,5.75,6.1,6.5,6.4,6.9
205.0,7.0,8.0,10.0,9.0,5.0,6.25,6.55,6.85,5.8,5.95
206.0,8.0,8.0,8.0,8.0,8.0,5.95,7.55,7.65,6.5,6.7
207.0,8.0,8.0,8.0,10.0,9.0,8.45,6.65,6.8,8.15,6.85
208.0,9.0,10.0,10.0,10.0,10.0,7.7,7.65,7.35,7.85,7.05
209.0,7.0,9.0,7.0,8.0,8.0,5.45,7.3,6.85,6.2,6.35
210.0,8.0,8.0,9.0,6.0,9.0,6.1,7.2,7.45,6.45,6.25
211.0,7.0,9.0,9.0,9.0,9.0,7.2,6.55,6.9,5.8,6.55
212.0,7.0,9.0,8.0,7.0,9.0,6.95,7.5,7.45,7.35,6.65
213.0,8.0,10.0,9.0,9.0,9.0,7.1,7.3,7.1,6.95,6.75
214.0,8.0,10.0,9.0,10.0,8.0,5.7,7.45,7.7,6.631578947368421,7.421052631578948
215.0,7.0,8.0,9.0,9.0,9.0,6.9,7.526315789473684,8.0,7.631578947368421,8.3
216.0,5.0,10.0,9.0,9.0,10.0,3.6,6.55,7.05,6.15,7.0
217.0,7.0,10.0,10.0,7.0,10.0,7.8,7.7894736842105265,9.15,6.833333333333333,8.842105263157896
218.0,7.0,6.0,10.0,3.0,10.0,5.4,7.473684210526316,8.055555555555555,5.277777777777778,8.25
219.0,7.0,7.0,9.0,6.0,6.0,7.4,7.7894736842105265,8.0,7.764705882352941,7.764705882352941
220.0,10.0,10.0,10.0,10.0,10.0,5.25,8.15,8.35,7.055555555555555,7.7894736842105265
221.0,7.0,9.0,9.0,7.0,9.0,6.05,7.75,8.2,6.0588235294117645,7.25
222.0,4.0,9.0,9.0,7.0,4.0,3.2,7.444444444444445,8.157894736842104,4.157894736842105,5.833333333333333
223.0,7.0,8.0,9.0,7.0,6.0,5.35,7.85,7.65,5.526315789473684,7.222222222222222
224.0,8.0,10.0,8.0,8.0,8.0,5.95,8.05,8.35,6.0,7.647058823529412
225.0,5.0,9.0,6.0,7.0,7.0,6.1,7.95,7.95,7.2105263157894735,7.65
226.0,10.0,10.0,10.0,10.0,10.0,8.6,7.75,7.9,7.888888888888889,8.0
227.0,7.0,10.0,10.0,8.0,10.0,6.95,7.3,7.2,6.888888888888889,7.473684210526316
228.0,5.0,8.0,7.0,4.0,8.0,5.55,8.05,8.31578947368421,5.3,7.4375
229.0,8.0,7.0,10.0,5.0,10.0,7.3,7.2105263157894735,8.25,7.2631578947368425,8.277777777777779
230.0,6.0,6.0,6.0,6.0,6.0,5.7,7.0,6.666666666666667,6.45,6.947368421052632
231.0,8.0,8.0,9.0,8.0,3.0,5.95,7.0,7.3,7.052631578947368,7.588235294117647
232.0,8.0,8.0,8.0,8.0,6.0,5.0,7.7894736842105265,7.473684210526316,5.473684210526316,6.882352941176471
233.0,7.0,8.0,7.0,8.0,8.0,5.578947368421052,7.444444444444445,7.578947368421052,6.882352941176471,7.823529411764706
234.0,7.0,7.0,8.0,8.0,10.0,5.888888888888889,7.888888888888889,7.111111111111111,6.75,7.285714285714286
235.0,6.0,9.0,8.0,9.0,9.0,7.888888888888889,7.555555555555555,7.0,7.444444444444445,5.857142857142857
236.0,7.0,9.0,8.0,10.0,8.0,5.555555555555555,6.888888888888889,7.25,4.111111111111111,5.857142857142857
237.0,8.0,10.0,8.0,7.0,8.0,5.333333333333333,7.666666666666667,7.444444444444445,5.888888888888889,6.166666666666667
238.0,10.0,9.0,9.0,10.0,8.0,6.666666666666667,7.555555555555555,7.111111111111111,6.75,7.125
239.0,7.0,9.0,9.0,7.0,4.0,5.777777777777778,7.555555555555555,7.222222222222222,5.333333333333333,5.5
240.0,3.0,8.0,3.0,5.0,6.0,6.777777777777778,7.111111111111111,7.0,8.0,7.333333333333333
241.0,8.0,10.0,8.0,8.0,8.0,6.666666666666667,7.666666666666667,6.888888888888889,7.444444444444445,7.142857142857143
242.0,7.0,9.0,8.0,7.0,4.0,8.0,7.333333333333333,7.444444444444445,7.111111111111111,5.888888888888889
243.0,7.0,9.0,9.0,8.0,5.0,5.666666666666667,6.555555555555555,7.444444444444445,5.666666666666667,5.444444444444445
244.0,7.0,10.0,10.0,7.0,10.0,6.333333333333333,7.222222222222222,7.0,6.666666666666667,7.777777777777778
245.0,5.0,7.0,8.0,6.0,7.0,4.777777777777778,6.333333333333333,8.555555555555555,5.777777777777778,7.333333333333333
246.0,7.0,8.0,7.0,6.0,6.0,4.111111111111111,7.444444444444445,6.444444444444445,5.444444444444445,5.75
247.0,5.0,10.0,8.0,2.0,4.0,4.0,7.666666666666667,7.555555555555555,4.666666666666667,6.333333333333333
248.0,5.0,6.0,8.0,8.0,8.0,7.0,6.0,6.666666666666667,7.666666666666667,7.666666666666667
249.0,7.0,9.0,10.0,7.0,7.0,4.222222222222222,6.777777777777778,7.375,5.555555555555555,7.888888888888889
250.0,10.0,9.0,10.0,9.0,10.0,6.777777777777778,6.666666666666667,8.0,6.888888888888889,8.444444444444445
251.0,8.0,10.0,10.0,9.0,9.0,4.777777777777778,7.333333333333333,7.555555555555555,5.555555555555555,5.857142857142857
252.0,9.0,9.0,9.0,9.0,10.0,6.833333333333333,7.761904761904762,7.25,7.142857142857143,6.894736842105263
253.0,8.0,10.0,8.0,9.0,7.0,3.857142857142857,6.25,6.842105263157895,4.65,5.833333333333333
254.0,8.0,7.0,10.0,8.0,8.0,5.809523809523809,7.1,7.9,6.25,6.75
255.0,6.0,8.0,7.0,6.0,6.0,5.714285714285714,6.2,6.05,5.0,5.55
256.0,6.0,9.0,8.0,6.0,6.0,6.571428571428571,7.2,7.55,6.333333333333333,6.894736842105263
257.0,7.0,9.0,9.0,7.0,10.0,6.857142857142857,7.0,6.7,6.45,6.5
258.0,6.0,10.0,9.0,8.0,5.0,6.904761904761905,7.25,7.190476190476191,6.9,6.555555555555555
259.0,7.0,9.0,8.0,8.0,9.0,6.55,6.052631578947368,7.4,5.842105263157895,6.833333333333333
260.0,6.0,9.0,9.0,7.0,6.0,5.619047619047619,6.85,7.55,6.0,6.833333333333333
261.0,5.0,8.0,7.0,7.0,8.0,5.285714285714286,6.35,7.190476190476191,5.55,5.842105263157895
262.0,6.0,10.0,9.0,5.0,3.0,5.380952380952381,7.45,7.6,5.904761904761905,6.055555555555555
263.0,8.0,8.0,8.0,8.0,5.0,5.857142857142857,7.142857142857143,7.55,7.285714285714286,6.421052631578948
264.0,8.0,7.0,9.0,8.0,5.0,6.095238095238095,6.9,7.15,6.3,6.277777777777778
265.0,7.0,9.0,10.0,7.0,10.0,5.0,6.476190476190476,6.95,3.85,5.45
266.0,8.0,8.0,7.0,7.0,4.0,7.357142857142857,7.875,7.775,7.075,6.25
267.0,7.0,6.0,7.0,5.0,7.0,5.9523809523809526,6.6,6.0,5.55,5.388888888888889
268.0,9.0,9.0,9.0,8.0,9.0,8.5,8.175,8.225,7.525,7.7631578947368425
269.0,8.0,8.0,8.0,6.0,7.0,7.476190476190476,7.7368421052631575,8.0,7.142857142857143,7.166666666666667
270.0,5.0,4.0,8.0,7.0,6.0,6.142857142857143,7.0,7.65,6.238095238095238,6.473684210526316
271.0,9.0,10.0,9.0,10.0,10.0,6.523809523809524,6.05,6.15,6.190476190476191,5.722222222222222
272.0,9.0,10.0,9.0,10.0,10.0,7.571428571428571,7.0,6.5,6.714285714285714,6.526315789473684
273.0,7.0,10.0,7.0,5.0,7.0,5.857142857142857,6.761904761904762,7.476190476190476,5.571428571428571,6.35
274.0,7.0,7.0,9.0,10.0,9.0,5.619047619047619,6.238095238095238,6.238095238095238,5.857142857142857,6.095238095238095
275.0,10.0,7.0,10.0,6.0,10.0,6.285714285714286,6.476190476190476,7.285714285714286,5.238095238095238,6.7
276.0,7.0,6.0,10.0,7.0,8.0,5.809523809523809,6.476190476190476,7.428571428571429,6.238095238095238,6.142857142857143
277.0,4.0,8.0,8.0,8.0,5.0,6.523809523809524,6.380952380952381,7.190476190476191,6.333333333333333,6.45
278.0,8.0,8.0,8.0,8.0,8.0,4.476190476190476,6.190476190476191,7.0,5.142857142857143,6.523809523809524
279.0,8.0,9.0,10.0,6.0,7.0,7.023809523809524,6.380952380952381,7.380952380952381,6.428571428571429,6.904761904761905
280.0,5.0,9.0,8.0,5.0,6.0,4.857142857142857,7.142857142857143,7.9523809523809526,5.428571428571429,6.105263157894737
281.0,7.0,8.0,8.0,6.0,5.0,5.523809523809524,5.904761904761905,7.619047619047619,4.619047619047619,5.95
282.0,7.0,9.0,7.0,9.0,10.0,6.476190476190476,7.0476190476190474,6.857142857142857,7.142857142857143,6.3
283.0,9.0,9.0,9.0,9.0,9.0,5.1,7.2,7.1,5.7,6.2
284.0,7.0,6.0,8.0,7.0,7.0,5.809523809523809,6.761904761904762,7.0476190476190474,5.9523809523809526,6.1
285.0,8.0,10.0,10.0,10.0,8.0,4.571428571428571,6.714285714285714,7.0,4.619047619047619,6.142857142857143
286.0,3.0,6.0,7.0,6.0,7.0,4.809523809523809,6.714285714285714,6.904761904761905,5.0476190476190474,6.1
287.0,7.0,10.0,7.0,5.0,10.0,4.35,4.85,6.15,4.2,6.05
288.0,5.0,8.0,8.0,7.0,7.0,6.0,6.809523809523809,7.095238095238095,6.142857142857143,6.55
289.0,4.0,9.0,8.0,10.0,8.0,6.095238095238095,7.0476190476190474,7.190476190476191,7.380952380952381,6.65
290.0,5.0,4.0,10.0,5.0,9.0,6.571428571428571,6.333333333333333,7.523809523809524,5.380952380952381,6.380952380952381
291.0,6.0,9.0,9.0,7.0,9.0,5.095238095238095,7.095238095238095,8.142857142857142,6.095238095238095,7.857142857142857
292.0,8.0,10.0,10.0,8.0,10.0,7.333333333333333,6.9523809523809526,7.380952380952381,6.619047619047619,7.0476190476190474
293.0,7.0,10.0,9.0,9.0,9.0,5.619047619047619,6.571428571428571,6.761904761904762,5.380952380952381,6.904761904761905
294.0,9.0,10.0,9.0,7.0,7.0,7.857142857142857,7.642857142857143,8.285714285714286,7.071428571428571,6.928571428571429
295.0,7.0,10.0,8.0,8.0,8.0,5.571428571428571,6.928571428571429,6.785714285714286,5.857142857142857,5.6923076923076925
296.0,8.0,9.0,10.0,6.0,9.0,5.214285714285714,7.428571428571429,7.785714285714286,5.928571428571429,7.071428571428571
297.0,8.0,10.0,8.0,9.0,9.0,7.214285714285714,7.357142857142857,6.571428571428571,6.571428571428571,6.0
298.0,7.0,10.0,10.0,9.0,10.0,5.785714285714286,7.214285714285714,7.071428571428571,5.928571428571429,5.571428571428571
299.0,6.0,9.0,8.0,9.0,9.0,5.785714285714286,7.714285714285714,7.428571428571429,6.785714285714286,6.071428571428571
300.0,8.0,9.0,9.0,9.0,10.0,5.642857142857143,6.785714285714286,7.142857142857143,5.714285714285714,5.769230769230769
301.0,9.0,9.0,9.0,8.0,8.0,6.142857142857143,7.5,8.071428571428571,6.5,7.0
302.0,8.0,8.0,8.0,8.0,10.0,5.071428571428571,5.642857142857143,5.714285714285714,6.285714285714286,5.857142857142857
303.0,8.0,10.0,8.0,9.0,6.0,7.214285714285714,7.142857142857143,7.642857142857143,6.857142857142857,6.285714285714286
304.0,6.0,10.0,8.0,10.0,8.0,6.428571428571429,7.357142857142857,6.571428571428571,7.142857142857143,6.0
305.0,7.0,9.0,9.0,8.0,5.0,6.571428571428571,7.214285714285714,7.214285714285714,5.928571428571429,6.214285714285714
306.0,6.0,9.0,8.0,8.0,8.0,6.928571428571429,7.571428571428571,6.642857142857143,6.071428571428571,5.384615384615385
307.0,5.0,8.0,8.0,7.0,8.0,7.214285714285714,7.928571428571429,7.857142857142857,7.142857142857143,6.3076923076923075
308.0,7.0,10.0,8.0,8.0,7.0,5.071428571428571,8.142857142857142,8.428571428571429,5.846153846153846,7.714285714285714
309.0,7.0,8.0,9.0,9.0,7.0,6.642857142857143,8.285714285714286,8.384615384615385,7.214285714285714,7.0
310.0,7.0,6.0,7.0,8.0,4.0,6.071428571428571,6.923076923076923,7.538461538461538,4.923076923076923,5.785714285714286
311.0,9.0,9.0,9.0,10.0,3.0,7.392857142857143,7.928571428571429,7.916666666666667,7.142857142857143,7.5
312.0,8.0,7.0,9.0,7.0,9.0,6.785714285714286,7.857142857142857,7.892857142857143,6.928571428571429,7.357142857142857
313.0,7.0,8.0,8.0,8.0,6.0,7.0,8.214285714285714,8.25,7.769230769230769,7.166666666666667
314.0,8.0,8.0,9.0,8.0,7.0,5.571428571428571,7.714285714285714,8.285714285714286,5.857142857142857,7.571428571428571
315.0,6.0,10.0,8.0,6.0,7.0,6.392857142857143,7.428571428571429,8.142857142857142,6.3076923076923075,7.230769230769231
316.0,6.0,8.0,8.0,7.0,9.0,7.538461538461538,7.571428571428571,8.0,8.142857142857142,8.428571428571429
317.0,7.0,3.0,8.0,8.0,5.0,7.928571428571429,7.714285714285714,7.916666666666667,8.615384615384615,7.615384615384615
318.0,6.0,10.0,10.0,6.0,10.0,5.071428571428571,7.571428571428571,7.571428571428571,6.0,7.538461538461538
319.0,5.0,10.0,9.0,6.0,3.0,4.428571428571429,7.714285714285714,7.538461538461538,6.357142857142857,6.833333333333333
320.0,8.0,8.0,9.0,9.0,7.0,5.5,7.071428571428571,7.642857142857143,5.642857142857143,7.076923076923077
321.0,6.0,8.0,7.0,7.0,8.0,6.071428571428571,6.571428571428571,7.5,5.846153846153846,6.916666666666667
322.0,5.0,9.0,7.0,8.0,7.0,6.444444444444445,6.777777777777778,6.888888888888889,6.111111111111111,6.222222222222222
323.0,7.0,9.0,8.0,6.0,3.0,7.777777777777778,7.888888888888889,7.333333333333333,5.777777777777778,6.555555555555555
324.0,9.0,9.0,9.0,9.0,8.0,7.111111111111111,7.333333333333333,7.0,7.666666666666667,6.75
325.0,7.0,9.0,8.0,7.0,8.0,6.222222222222222,7.777777777777778,7.333333333333333,8.11111111111111,7.0
326.0,8.0,9.0,9.0,6.0,8.0,4.888888888888889,8.222222222222221,7.111111111111111,6.666666666666667,6.555555555555555
327.0,7.0,7.0,8.0,9.0,10.0,8.333333333333334,7.555555555555555,7.888888888888889,8.11111111111111,7.444444444444445
328.0,7.0,10.0,10.0,8.0,10.0,7.333333333333333,7.777777777777778,7.555555555555555,7.0,6.888888888888889
329.0,8.0,9.0,8.0,5.0,8.0,5.0,6.888888888888889,6.777777777777778,4.777777777777778,5.875
330.0,8.0,10.0,7.0,9.0,9.0,7.555555555555555,7.222222222222222,7.888888888888889,7.444444444444445,7.333333333333333
331.0,7.0,9.0,7.0,9.0,4.0,4.444444444444445,6.777777777777778,6.0,4.666666666666667,5.666666666666667
332.0,5.0,10.0,6.0,6.0,10.0,5.1,8.444444444444445,8.3,7.1,6.5
333.0,7.0,4.0,9.0,7.0,9.0,7.8,7.666666666666667,7.9,8.1,6.428571428571429
334.0,8.0,7.0,8.0,8.0,9.0,7.3,7.222222222222222,7.9,8.0,6.777777777777778
335.0,8.0,7.0,8.0,9.0,8.0,6.222222222222222,7.75,8.666666666666666,6.333333333333333,8.125
336.0,5.0,9.0,7.0,7.0,9.0,6.1,7.777777777777778,8.0,7.4,6.5
337.0,6.0,6.0,6.0,6.0,6.0,5.9,8.333333333333334,8.2,7.2,6.666666666666667
338.0,7.0,9.0,9.0,7.0,10.0,4.8,7.555555555555555,8.0,5.8,7.375
339.0,,,,,,7.0,7.333333333333333,7.7,7.8,7.3
340.0,,,,,,7.777777777777778,6.375,7.777777777777778,6.888888888888889,7.142857142857143
341.0,7.0,9.0,7.0,9.0,9.0,7.0625,7.625,7.4375,7.1875,6.5625
342.0,10.0,10.0,10.0,10.0,10.0,5.9375,6.75,6.75,6.1875,6.4375
343.0,4.0,8.0,10.0,6.0,7.0,5.25,7.75,7.8125,5.8125,7.25
344.0,7.0,7.0,8.0,8.0,9.0,6.888888888888889,7.277777777777778,7.555555555555555,7.166666666666667,7.444444444444445
345.0,7.0,9.0,9.0,7.0,7.0,6.0,7.625,7.5625,7.0,6.625
346.0,,,,,,8.277777777777779,7.888888888888889,7.888888888888889,7.444444444444445,7.555555555555555
347.0,8.0,6.0,10.0,10.0,10.0,3.2,6.466666666666667,5.866666666666666,4.2,4.6
348.0,6.0,10.0,10.0,10.0,10.0,4.705882352941177,7.470588235294118,7.176470588235294,6.588235294117647,6.294117647058823
349.0,7.0,8.0,9.0,8.0,7.0,8.176470588235293,8.117647058823529,7.529411764705882,7.705882352941177,7.352941176470588
350.0,7.0,10.0,8.0,6.0,8.0,7.666666666666667,7.777777777777778,7.611111111111111,7.277777777777778,7.111111111111111
351.0,8.0,10.0,8.0,7.0,9.0,6.882352941176471,7.411764705882353,7.0588235294117645,5.529411764705882,6.117647058823529
352.0,9.0,10.0,9.0,9.0,8.0,5.888888888888889,7.944444444444445,7.0,5.277777777777778,5.5
353.0,6.0,6.0,6.0,6.0,6.0,4.9375,7.8125,6.75,4.8125,5.3125
354.0,7.0,7.0,8.0,10.0,8.0,6.833333333333333,7.166666666666667,7.0,7.833333333333333,7.166666666666667
355.0,6.0,10.0,8.0,8.0,8.0,7.235294117647059,7.411764705882353,6.764705882352941,7.0588235294117645,6.705882352941177
356.0,7.0,10.0,9.0,8.0,6.0,7.98888888888889,7.666666666666667,7.888888888888889,5.555555555555555,6.888888888888889
357.0,6.0,10.0,7.0,7.0,6.0,7.588235294117647,7.9411764705882355,7.9411764705882355,6.9411764705882355,6.882352941176471
358.0,8.0,7.0,8.0,8.0,7.0,7.411764705882353,7.588235294117647,8.411764705882353,6.588235294117647,8.529411764705882
359.0,7.0,10.0,9.0,2.0,8.0,6.21875,6.8125,7.46875,5.3125,6.625
360.0,8.0,10.0,8.0,8.0,8.0,6.0625,7.875,7.6,5.933333333333334,6.533333333333333
361.0,7.0,7.0,7.0,5.0,9.0,4.166666666666667,6.611111111111111,6.888888888888889,4.777777777777778,6.75
362.0,7.0,7.0,8.0,9.0,8.0,5.526315789473684,6.947368421052632,7.684210526315789,6.833333333333333,6.7368421052631575
363.0,5.0,7.0,8.0,8.0,3.0,5.105263157894737,7.631578947368421,7.2105263157894735,5.842105263157895,6.631578947368421
364.0,8.0,8.0,9.0,8.0,9.0,6.4,7.85,7.7368421052631575,7.4,6.894736842105263
365.0,8.0,2.0,9.0,9.0,9.0,7.0,7.411764705882353,7.647058823529412,7.352941176470588,7.5
366.0,6.0,8.0,8.0,9.0,10.0,7.526315789473684,8.263157894736842,8.421052631578947,7.421052631578948,7.5625
367.0,7.0,7.0,7.0,8.0,5.0,6.555555555555555,8.055555555555555,7.611111111111111,7.0,7.0588235294117645
368.0,6.0,8.0,8.0,8.0,7.0,6.352941176470588,7.882352941176471,7.470588235294118,7.529411764705882,7.0
369.0,6.0,9.0,10.0,9.0,7.0,6.4,7.0,7.0,8.0,7.0
370.0,8.0,6.0,9.0,9.0,9.0,7.9411764705882355,7.823529411764706,8.1875,7.647058823529412,7.588235294117647
371.0,10.0,8.0,10.0,10.0,10.0,7.3,7.3,7.2631578947368425,6.944444444444445,7.0
372.0,7.0,8.0,9.0,8.0,8.0,6.647058823529412,6.9411764705882355,7.411764705882353,6.882352941176471,6.3125
373.0,9.0,8.0,9.0,9.0,9.0,8.529411764705882,8.117647058823529,8.0625,7.5625,8.125
374.0,6.0,7.0,7.0,6.0,7.0,5.647058823529412,7.470588235294118,7.411764705882353,5.647058823529412,7.133333333333334
375.0,8.0,9.0,8.0,9.0,9.0,8.31578947368421,7.0,6.894736842105263,6.7368421052631575,6.647058823529412
376.0,6.0,10.0,9.0,8.0,10.0,6.421052631578948,7.368421052631579,8.526315789473685,6.611111111111111,8.157894736842104
377.0,7.0,8.0,7.0,8.0,7.0,5.555555555555555,6.611111111111111,6.9411764705882355,5.0,6.0
378.0,6.0,7.0,9.0,7.0,7.0,6.555555555555555,7.0,7.055555555555555,6.411764705882353,6.3125
379.0,6.0,9.0,8.0,6.0,9.0,6.294117647058823,7.0588235294117645,7.705882352941177,6.5625,7.705882352941177
380.0,4.0,7.0,9.0,9.0,9.0,5.944444444444445,7.444444444444445,7.833333333333333,6.555555555555555,7.0625
381.0,7.0,7.0,9.0,10.0,8.0,6.388888888888889,6.833333333333333,6.833333333333333,6.470588235294118,6.875
382.0,7.0,7.0,7.0,7.0,10.0,6.222222222222222,6.882352941176471,6.888888888888889,5.555555555555555,6.647058823529412
383.0,7.0,9.0,6.0,7.0,6.0,6.333333333333333,7.777777777777778,6.666666666666667,6.666666666666667,6.4
384.0,8.0,8.0,8.0,9.0,9.0,7.0,7.526315789473684,7.315789473684211,8.105263157894736,6.722222222222222
385.0,8.0,8.0,8.0,6.0,6.0,7.052631578947368,7.842105263157895,6.842105263157895,7.2105263157894735,6.5
386.0,7.0,8.0,9.0,9.0,9.0,5.631578947368421,8.052631578947368,7.684210526315789,6.7894736842105265,6.625
387.0,8.0,8.0,8.0,8.0,8.0,8.18421052631579,7.666666666666667,7.526315789473684,7.75,7.0588235294117645
388.0,8.0,8.0,8.0,7.0,8.0,6.973684210526316,6.555555555555555,6.552631578947368,6.9411764705882355,6.588235294117647
389.0,8.0,10.0,7.0,9.0,5.0,7.611111111111111,7.277777777777778,7.777777777777778,7.861111111111111,7.323529411764706
390.0,8.0,8.0,8.0,8.0,8.0,3.611111111111111,5.944444444444445,6.305555555555555,4.277777777777778,6.235294117647059
391.0,8.0,9.0,9.0,9.0,7.0,6.526315789473684,6.842105263157895,7.388888888888889,6.647058823529412,6.533333333333333
392.0,4.0,7.0,8.0,7.0,7.0,6.0,7.631578947368421,7.222222222222222,7.105263157894737,7.0
393.0,7.0,9.0,8.0,8.0,8.0,5.111111111111111,7.833333333333333,7.611111111111111,6.444444444444445,6.470588235294118
394.0,9.0,8.0,7.0,7.0,7.0,5.444444444444445,7.111111111111111,6.833333333333333,5.888888888888889,5.705882352941177
395.0,8.0,8.0,9.0,7.0,7.0,5.684210526315789,6.894736842105263,7.052631578947368,6.277777777777778,6.555555555555555
396.0,8.0,10.0,10.0,10.0,8.0,5.294117647058823,7.0,6.764705882352941,5.823529411764706,6.1875
397.0,7.0,7.0,10.0,7.0,9.0,5.722222222222222,7.722222222222222,7.444444444444445,5.5,7.3125
398.0,7.0,6.0,7.0,10.0,8.0,7.111111111111111,7.333333333333333,7.470588235294118,8.352941176470589,7.076923076923077
399.0,9.0,9.0,9.0,9.0,9.0,6.9,6.8,7.4,6.5,7.625
400.0,7.0,10.0,8.0,6.0,7.0,7.111111111111111,7.666666666666667,8.055555555555555,7.176470588235294,8.352941176470589
401.0,8.0,5.0,10.0,7.0,5.0,6.333333333333333,8.277777777777779,8.222222222222221,6.0588235294117645,8.0
402.0,6.0,8.0,10.0,7.0,9.0,5.111111111111111,8.333333333333334,8.166666666666666,6.555555555555555,8.4375
403.0,4.0,8.0,9.0,7.0,9.0,4.888888888888889,8.166666666666666,8.058823529411764,6.0588235294117645,7.0
404.0,6.0,9.0,8.0,7.0,8.0,8.277777777777779,8.333333333333334,7.764705882352941,6.888888888888889,7.357142857142857
405.0,8.0,8.0,9.0,10.0,10.0,5.388888888888889,8.333333333333334,8.38888888888889,6.722222222222222,8.294117647058824
406.0,6.0,7.0,8.0,8.0,9.0,5.777777777777778,7.388888888888889,8.058823529411764,7.9411764705882355,8.0
407.0,7.0,9.0,7.0,8.0,8.0,7.111111111111111,8.777777777777779,8.11111111111111,6.888888888888889,7.4375
408.0,8.0,7.0,8.0,10.0,9.0,6.722222222222222,7.055555555555555,6.888888888888889,7.0,7.222222222222222
409.0,7.0,9.0,9.0,8.0,8.0,6.833333333333333,8.411764705882353,7.9375,7.352941176470588,7.384615384615385
410.0,7.0,10.0,10.0,6.0,10.0,7.222222222222222,8.055555555555555,8.11111111111111,7.647058823529412,7.428571428571429
411.0,8.0,6.0,7.0,9.0,5.0,7.027777777777778,7.777777777777778,8.0,7.833333333333333,8.266666666666667
412.0,7.0,7.0,8.0,8.0,8.0,5.722222222222222,7.444444444444445,7.611111111111111,6.705882352941177,7.5
413.0,7.0,9.0,8.0,7.0,6.0,6.888888888888889,8.055555555555555,7.944444444444445,7.0,7.6
414.0,,,,,,6.470588235294118,7.470588235294118,7.8125,6.0588235294117645,7.823529411764706
415.0,7.0,8.0,10.0,4.0,8.0,3.9375,4.5625,4.875,3.875,5.1875
416.0,,,,,,7.25,7.625,7.625,7.625,7.5
417.0,7.0,8.0,8.0,4.0,8.0,5.25,8.0,7.375,6.0,6.375
418.0,7.0,9.0,8.0,7.0,5.0,6.75,7.875,8.125,7.25,7.285714285714286
419.0,9.0,8.0,9.0,5.0,3.0,6.285714285714286,8.285714285714286,8.142857142857142,6.285714285714286,7.428571428571429
420.0,8.0,9.0,10.0,7.0,7.0,7.5,7.625,7.875,7.75,7.125
421.0,7.0,7.0,6.0,6.0,6.0,6.875,6.875,7.0,6.125,6.142857142857143
422.0,8.0,10.0,8.0,8.0,8.0,6.5,8.0,7.5,7.333333333333333,7.833333333333333
423.0,7.0,9.0,9.0,8.0,9.0,6.166666666666667,7.333333333333333,7.333333333333333,5.833333333333333,7.166666666666667
424.0,7.0,7.0,7.0,7.0,7.0,5.166666666666667,8.0,7.833333333333333,6.0,6.833333333333333
425.0,6.0,9.0,9.0,6.0,9.0,3.4166666666666665,6.333333333333333,7.416666666666667,4.166666666666667,7.833333333333333
426.0,8.0,8.0,10.0,8.0,9.0,3.5,4.166666666666667,6.666666666666667,4.833333333333333,7.833333333333333
427.0,7.0,10.0,7.0,8.0,9.0,5.666666666666667,7.333333333333333,7.0,4.833333333333333,6.333333333333333
428.0,8.0,8.0,9.0,7.0,9.0,6.0,7.5,8.333333333333334,6.833333333333333,8.666666666666666
429.0,8.0,8.0,9.0,9.0,8.0,6.833333333333333,6.666666666666667,6.833333333333333,5.833333333333333,7.833333333333333
430.0,5.0,8.0,5.0,8.0,8.0,6.142857142857143,7.071428571428571,6.5,5.928571428571429,5.642857142857143
431.0,7.0,10.0,9.0,7.0,10.0,5.785714285714286,5.785714285714286,6.428571428571429,4.5,7.142857142857143
432.0,7.0,8.0,8.0,8.0,8.0,6.571428571428571,7.785714285714286,7.5,6.5,5.785714285714286
433.0,8.0,6.0,8.0,7.0,5.0,5.142857142857143,6.928571428571429,6.785714285714286,6.714285714285714,5.928571428571429
434.0,7.0,7.0,6.0,8.0,4.0,7.142857142857143,7.428571428571429,7.071428571428571,6.357142857142857,5.642857142857143
435.0,7.0,9.0,9.0,9.0,9.0,5.642857142857143,5.928571428571429,6.214285714285714,6.571428571428571,6.642857142857143
436.0,9.0,8.0,7.0,10.0,6.0,7.285714285714286,6.285714285714286,7.0,7.428571428571429,7.357142857142857
437.0,7.0,9.0,9.0,9.0,8.0,5.928571428571429,6.928571428571429,6.357142857142857,6.0,5.071428571428571
438.0,7.0,8.0,7.0,7.0,7.0,6.5,7.0,6.923076923076923,6.642857142857143,6.0
439.0,8.0,8.0,7.0,7.0,7.0,7.428571428571429,5.928571428571429,6.928571428571429,6.0,5.5
440.0,8.0,8.0,9.0,9.0,9.0,8.4,8.0,8.8,8.1,8.2
441.0,8.0,7.0,9.0,8.0,8.0,6.6,7.0,7.4,7.4,7.4
442.0,7.0,9.0,8.0,8.0,9.0,6.1,7.9,8.1,6.1,7.7
443.0,7.0,10.0,7.0,9.0,7.0,6.3,7.8,8.3,7.666666666666667,8.2
444.0,8.0,7.0,8.0,9.0,7.0,8.4,7.0,7.9,7.5,8.3
445.0,9.0,8.0,10.0,7.0,7.0,6.5,7.0,7.6,6.9,7.5
446.0,6.0,8.0,7.0,9.0,5.0,6.1,7.3,7.8,5.8,7.0
447.0,6.0,10.0,7.0,6.0,4.0,7.1,8.1,8.4,6.9,8.4
448.0,8.0,9.0,9.0,8.0,10.0,7.9,6.3,7.9,7.9,8.6
449.0,7.0,10.0,10.0,10.0,8.0,7.7,7.4,8.3,7.7,8.3
450.0,9.0,6.0,10.0,7.0,10.0,5.6,7.3,8.2,7.0,7.9
451.0,2.0,4.0,4.0,4.0,4.0,2.8,7.3,8.3,4.8,8.1
452.0,7.0,8.0,10.0,7.0,8.0,4.2,7.2,8.2,7.0,8.0
453.0,5.0,6.0,8.0,7.0,5.0,3.7,8.555555555555555,8.666666666666666,4.888888888888889,8.0
454.0,8.0,9.0,9.0,9.0,7.0,5.833333333333333,7.4,6.6,6.6,6.2
455.0,7.0,9.0,8.0,9.0,8.0,5.5,7.833333333333333,7.6,6.6,6.6
456.0,8.0,8.0,7.0,6.0,7.0,7.5,6.2,6.8,7.0,7.5
457.0,7.0,6.0,8.0,7.0,3.0,5.666666666666667,7.666666666666667,6.8,7.2,5.0
458.0,10.0,10.0,10.0,9.0,10.0,6.166666666666667,6.4,7.2,6.6,8.0
459.0,5.0,5.0,5.0,5.0,8.0,7.166666666666667,6.8,7.0,6.6,7.5
460.0,8.0,8.0,9.0,7.0,7.0,7.0,8.5,8.0,6.833333333333333,6.666666666666667
461.0,6.0,8.0,8.0,9.0,7.0,4.5,6.833333333333333,7.0,5.666666666666667,7.0
462.0,4.0,9.0,8.0,6.0,2.0,4.166666666666667,8.333333333333334,6.833333333333333,4.666666666666667,6.833333333333333
463.0,6.0,7.0,8.0,7.0,7.0,5.833333333333333,8.333333333333334,8.333333333333334,6.5,7.333333333333333
464.0,5.0,8.0,9.0,8.0,10.0,7.0,7.166666666666667,8.166666666666666,7.833333333333333,7.666666666666667
465.0,7.0,10.0,7.0,8.0,5.0,5.166666666666667,6.166666666666667,5.5,6.0,3.8
466.0,7.0,9.0,8.0,7.0,8.0,7.733333333333333,7.6,8.066666666666666,7.733333333333333,7.285714285714286
467.0,8.0,8.0,8.0,8.0,8.0,8.333333333333334,7.4,7.8,7.2,7.923076923076923
468.0,8.0,9.0,8.0,6.0,8.0,8.333333333333334,7.933333333333334,8.466666666666667,7.8,8.0
469.0,8.0,8.0,6.0,8.0,6.0,8.0,7.666666666666667,7.866666666666666,7.266666666666667,6.928571428571429
470.0,4.0,9.0,8.0,5.0,6.0,8.066666666666666,7.4,8.533333333333333,7.533333333333333,8.2
471.0,7.0,8.0,9.0,8.0,9.0,6.266666666666667,7.466666666666667,7.933333333333334,6.866666666666666,7.642857142857143
472.0,8.0,10.0,8.0,10.0,9.0,7.2,7.666666666666667,7.933333333333334,6.666666666666667,7.0
473.0,7.0,9.0,10.0,8.0,7.0,5.933333333333334,7.266666666666667,7.6,5.133333333333334,6.666666666666667
474.0,9.0,9.0,8.0,10.0,7.0,7.933333333333334,7.933333333333334,8.2,8.133333333333333,7.785714285714286
475.0,5.0,8.0,7.0,5.0,7.0,7.066666666666666,7.666666666666667,7.733333333333333,7.6,6.928571428571429
476.0,7.0,9.0,7.0,5.0,6.0,7.142857142857143,8.214285714285714,7.285714285714286,7.142857142857143,6.846153846153846
477.0,6.0,8.0,7.0,7.0,7.0,6.333333333333333,7.866666666666666,8.2,6.466666666666667,6.538461538461538
478.0,7.0,8.0,8.0,9.0,7.0,8.0,7.8,8.266666666666667,7.733333333333333,8.4
479.0,8.0,8.0,8.0,8.0,8.0,7.666666666666667,7.466666666666667,8.133333333333333,6.733333333333333,7.571428571428571
480.0,8.0,9.0,8.0,10.0,7.0,7.857142857142857,8.142857142857142,8.285714285714286,7.857142857142857,7.428571428571429
481.0,8.0,7.0,9.0,8.0,5.0,6.4,6.733333333333333,6.5,5.133333333333334,5.333333333333333
482.0,7.0,10.0,8.0,9.0,8.0,5.4,6.8,7.266666666666667,6.733333333333333,7.916666666666667
483.0,8.0,10.0,10.0,10.0,10.0,5.866666666666666,5.866666666666666,6.466666666666667,7.0,6.066666666666666
484.0,4.0,8.0,9.0,2.0,9.0,4.285714285714286,7.357142857142857,8.071428571428571,4.285714285714286,6.642857142857143
485.0,8.0,8.0,8.0,7.0,7.0,4.266666666666667,6.0,6.0,4.533333333333333,4.714285714285714
486.0,7.0,10.0,9.0,8.0,9.0,5.533333333333333,7.4,8.0,5.733333333333333,7.333333333333333
487.0,7.0,9.0,8.0,6.0,5.0,3.6666666666666665,6.857142857142857,7.533333333333333,3.6666666666666665,5.071428571428571
488.0,5.0,10.0,10.0,7.0,8.0,4.933333333333334,6.0,6.666666666666667,5.933333333333334,6.733333333333333
489.0,6.0,8.0,9.0,8.0,10.0,7.466666666666667,6.866666666666666,7.0,7.133333333333334,6.928571428571429
490.0,3.0,7.0,8.0,6.0,6.0,3.6923076923076925,6.357142857142857,7.0,5.928571428571429,6.3076923076923075
491.0,7.0,7.0,7.0,7.0,7.0,7.666666666666667,6.733333333333333,7.8,7.6,7.6
492.0,10.0,10.0,10.0,10.0,10.0,7.333333333333333,7.266666666666667,7.866666666666666,7.4,7.0
493.0,7.0,7.0,8.0,8.0,8.0,7.285714285714286,7.571428571428571,7.071428571428571,7.285714285714286,7.153846153846154
494.0,9.0,10.0,10.0,10.0,7.0,5.733333333333333,7.133333333333334,7.533333333333333,6.733333333333333,6.428571428571429
495.0,7.0,7.0,8.0,7.0,9.0,4.8,5.533333333333333,6.4,7.071428571428571,5.2
496.0,5.0,8.0,9.0,6.0,8.0,7.0,8.285714285714286,8.285714285714286,6.5,6.6
497.0,8.0,10.0,9.0,10.0,8.0,6.428571428571429,7.142857142857143,7.285714285714286,6.857142857142857,7.0
498.0,8.0,9.0,9.0,10.0,10.0,6.857142857142857,7.428571428571429,7.857142857142857,6.571428571428571,6.833333333333333
499.0,9.0,10.0,10.0,9.0,4.0,5.714285714285714,7.714285714285714,8.0,6.428571428571429,6.857142857142857
500.0,8.0,9.0,9.0,9.0,9.0,5.857142857142857,8.142857142857142,7.714285714285714,6.666666666666667,7.5
501.0,8.0,9.0,9.0,8.0,9.0,6.714285714285714,7.571428571428571,7.142857142857143,7.285714285714286,6.833333333333333
502.0,7.0,7.0,9.0,9.0,9.0,3.8333333333333335,8.0,6.666666666666667,7.666666666666667,7.333333333333333
503.0,7.0,9.0,10.0,4.0,5.0,2.3333333333333335,5.666666666666667,7.833333333333333,5.166666666666667,7.333333333333333
504.0,7.0,5.0,8.0,6.0,8.0,6.5,7.0,7.5,6.333333333333333,6.833333333333333
505.0,9.0,10.0,10.0,8.0,10.0,6.5,7.2,7.333333333333333,5.5,7.2
506.0,5.0,8.0,9.0,7.0,10.0,4.666666666666667,7.0,7.833333333333333,3.6666666666666665,7.833333333333333
507.0,7.0,8.0,8.0,7.0,7.0,6.0,8.0,7.833333333333333,7.666666666666667,6.833333333333333
508.0,7.0,8.0,9.0,8.0,8.0,5.833333333333333,5.666666666666667,6.833333333333333,5.333333333333333,6.5
509.0,5.0,6.0,8.0,4.0,9.0,5.3,6.7368421052631575,7.1,6.0,7.0
510.0,7.0,9.0,8.0,6.0,4.0,7.65,7.45,7.7,7.2,6.368421052631579
511.0,8.0,4.0,8.0,10.0,8.0,6.095238095238095,7.238095238095238,7.571428571428571,5.523809523809524,6.9
512.0,7.0,8.0,7.0,8.0,7.0,7.9411764705882355,6.882352941176471,6.411764705882353,6.529411764705882,6.5625
513.0,6.0,8.0,6.0,7.0,4.0,7.85,6.5,6.75,7.75,6.65
514.0,8.0,10.0,9.0,8.0,7.0,4.666666666666667,6.857142857142857,6.761904761904762,6.523809523809524,6.571428571428571
515.0,8.0,10.0,10.0,8.0,8.0,7.0,6.55,6.809523809523809,6.238095238095238,5.842105263157895
516.0,8.0,9.0,8.0,9.0,8.0,7.238095238095238,5.9523809523809526,6.809523809523809,6.666666666666667,6.7
517.0,8.0,9.0,9.0,7.0,7.0,5.882352941176471,6.588235294117647,6.294117647058823,6.0,5.647058823529412
518.0,6.0,9.0,8.0,8.0,7.0,7.045454545454546,7.363636363636363,6.818181818181818,7.363636363636363,6.571428571428571
519.0,8.0,10.0,9.0,9.0,10.0,5.95,7.1,7.05,5.9,6.052631578947368
520.0,8.0,9.0,8.0,7.0,5.0,4.9523809523809526,7.428571428571429,7.428571428571429,6.55,6.4
521.0,7.0,9.0,8.0,9.0,8.0,6.136363636363637,7.409090909090909,7.363636363636363,6.363636363636363,6.0476190476190474
522.0,7.0,7.0,9.0,7.0,8.0,6.409090909090909,6.863636363636363,7.545454545454546,6.454545454545454,7.318181818181818
523.0,6.0,9.0,9.0,8.0,6.0,4.090909090909091,6.954545454545454,6.636363636363637,5.7727272727272725,5.857142857142857
524.0,5.0,9.0,8.0,7.0,7.0,7.0,7.75,7.857142857142857,7.714285714285714,7.0
525.0,6.0,10.0,10.0,8.0,9.0,4.523809523809524,6.65,6.380952380952381,5.714285714285714,5.421052631578948
526.0,3.0,6.0,7.0,9.0,10.0,4.55,6.904761904761905,6.428571428571429,6.476190476190476,5.55
527.0,10.0,10.0,10.0,10.0,10.0,4.904761904761905,6.285714285714286,6.476190476190476,5.476190476190476,5.380952380952381
528.0,9.0,6.0,8.0,8.0,8.0,5.45,7.05,6.95,7.1,6.578947368421052
529.0,6.0,10.0,7.0,9.0,5.0,4.095238095238095,7.714285714285714,7.380952380952381,5.190476190476191,6.4
530.0,3.0,9.0,9.0,9.0,7.0,4.142857142857143,7.857142857142857,7.523809523809524,5.142857142857143,6.45
531.0,10.0,10.0,10.0,6.0,10.0,4.454545454545454,7.045454545454546,7.863636363636363,5.2727272727272725,6.7727272727272725
532.0,7.0,9.0,8.0,7.0,8.0,3.761904761904762,7.571428571428571,7.380952380952381,3.619047619047619,6.333333333333333
533.0,8.0,9.0,9.0,8.0,9.0,5.714285714285714,5.9523809523809526,6.285714285714286,5.190476190476191,5.761904761904762
534.0,7.0,9.0,9.0,8.0,5.0,5.454545454545454,6.2727272727272725,6.681818181818182,5.636363636363637,6.318181818181818
535.0,6.0,7.0,7.0,6.0,5.0,6.0,6.181818181818182,7.7727272727272725,6.454545454545454,6.85
536.0,7.0,8.0,8.0,8.0,8.0,6.6,6.3,6.5,6.421052631578948,6.473684210526316
537.0,7.0,9.0,9.0,9.0,7.0,6.0,5.904761904761905,6.809523809523809,6.5,6.421052631578948
538.0,7.0,8.0,8.0,9.0,8.0,5.65,6.2,6.85,7.444444444444445,6.733333333333333
539.0,8.0,8.0,10.0,9.0,10.0,5.0,5.571428571428571,6.761904761904762,6.380952380952381,6.65
540.0,5.0,7.0,5.0,6.0,7.0,4.2,6.75,6.35,5.6,5.947368421052632
541.0,8.0,9.0,9.0,9.0,8.0,4.5,6.75,7.0,4.75,6.3
542.0,8.0,9.0,8.0,8.0,9.0,5.0476190476190474,5.904761904761905,6.380952380952381,5.190476190476191,6.611111111111111
543.0,7.0,9.0,8.0,9.0,9.0,5.15,6.45,6.8,5.8,6.052631578947368
544.0,7.0,10.0,9.0,10.0,8.0,4.9,6.25,6.6,5.7,5.684210526315789
545.0,8.0,8.0,9.0,8.0,6.0,6.0,6.230769230769231,6.076923076923077,6.076923076923077,6.0
546.0,9.0,8.0,8.0,10.0,7.0,7.380952380952381,6.380952380952381,7.380952380952381,7.0476190476190474,6.5
547.0,7.0,9.0,8.0,8.0,8.0,6.318181818181818,6.181818181818182,7.045454545454546,6.045454545454546,6.2727272727272725
548.0,10.0,10.0,10.0,10.0,10.0,6.857142857142857,5.809523809523809,6.666666666666667,5.714285714285714,6.15
549.0,7.0,10.0,9.0,8.0,9.0,6.35,6.65,6.85,6.65,6.0
550.0,7.0,7.0,7.0,7.0,7.0,5.136363636363637,5.818181818181818,6.5,5.2727272727272725,6.363636363636363
551.0,7.0,8.0,8.0,3.0,5.0,6.142857142857143,6.666666666666667,6.761904761904762,5.571428571428571,6.238095238095238
552.0,8.0,7.0,7.0,6.0,7.0,7.3,5.85,6.157894736842105,5.75,6.15
